topk,kscore,krank
10,0.006125226860254083,0.004253629764065335
50,0.0249546279491833,0.041572141560798546
100,0.050022686025408346,0.08189655172413793
150,0.07752949183303086,0.11473457350272233
200,0.10055580762250453,0.14422640653357532
